{"mae": 85926.17128865205, "mdae": 53153.3168995704, "r2_score": 0.6823028163944003}