{"mae": 74506.49493341424, "mdae": 44616.62346595281, "r2_score": 0.7452335031406698}