{"mdae": 71179.43593274185, "r2_score": 0.19210660457953277}