{"mae": 86100.61519761734, "mdae": 53322.56397890256, "r2_score": 0.6808338560868301}